ID,Nombre / dirección,Comuna,Rol SII,Tipo,m² útiles,Fecha de compra,Origen,Precio de compra (UF),Costos de adquisición (UF),Reparaciones iniciales (UF),Costo total (UF),Capital propio aportado (UF),Banco,Fecha del crédito,Monto del crédito (UF),Tasa anual (%),Plazo (años),Dividendo mensual (UF),Saldo insoluto actual (UF),Fecha del saldo,Estado,Arriendo mensual (UF),Inicio del contrato,Fin del contrato,Contribuciones (UF/año),Gastos comunes no recuperables (UF/año),Seguros (UF/año),Mantención (UF/año),Administración (% del arriendo),Valor de tasación (UF),Fecha de tasación,Tasador,Archivo PDF,Plusvalía sobre costo (%),Notas
P11,"Locales comerciales La Portada, Antonia López de Bello 934 al 968",Independencia,288-11 (planilla: 248-11),Local comercial,518,,,,,,"=IF(I2="""","""",I2+N(J2)+N(K2))",,,,,,,,,,Arrendada,118.6,,,,,,,,17845,2024-11-07,Perito judicial V. Correa (causa Santander C-15903-2023),Tasacion Centro Comercial La Portada Independencia (1).pdf,"=IF(OR(AE2="""",N(L2)=0),"""",ROUND((AE2/L2-1)*100,1))","Arriendo = renta neta capitalizada en la tasación, no contrato. Valor libro $365.000.000 (cta 1201019). Informe judicial: $685,5 MM, liquidación $342,8 MM."
P05,"Terrazas 401, Av. del Parque 5275 Of. 401 + 7 estac.",Huechuraba,"6047-20, 6047-234, 235, 236, 237, 245, 256, 257",Oficina,283.02,,,,,,"=IF(I3="""","""",I3+N(J3)+N(K3))",,Banco de Chile,2024-06-24,12100,4.94,15,99.91,11276.1,2026-10-01,Arrendada,77.5,,,,,,,,16635,2024-05-28,CGDV para Banco de Chile,Tasacion Oficina 401 Terrazas.pdf,"=IF(OR(AE3="""",N(L3)=0),"""",ROUND((AE3/L3-1)*100,1))","Arrendatario Importadora Hevia SpA (oficina Kaiken). Arriendo según tasación ($2,9 MM/mes). Crédito op. 899.601 con 4 meses de gracia. Valor libro $630.702.717 (ctas 1201011 y 1201012)."
P03,"Terrazas 202, Av. del Parque 5275 Of. 202 + 5 estac. + bodega 46",Huechuraba,"6047-11, 6047-136 a 140, 6047-298",Oficina,275,,,,,,"=IF(I4="""","""",I4+N(J4)+N(K4))",,Itaú,2025-11-21,9761.98,4.48,12,87.75,9324.9,2026-10-01,Arrendada,85,,,,,,,,14100,2025-06-12,N. Latorre para Itaú,Tasacion Itau Terrazas 202 (1).pdf,"=IF(OR(AE4="""",N(L4)=0),"""",ROUND((AE4/L4-1)*100,1))",Arrendatario Corporación Vial S.A. Arriendo según tasación. Tasa implícita calculada desde la tabla de desarrollo. Valor libro $552.179.500 (ctas 1201015 y 1201018).
P09,"Oficina Nueva York 25, piso 3",Santiago,00029-00003,Oficina,311,,,,,,"=IF(I5="""","""",I5+N(J5)+N(K5))",,Santander,,3990,4.94,12,36.79,3927,2026-10-01,En reparación,,,,,,,,,8225,2026-01-20,Propiteq (estimación online),Tasacion Oficina Nueva York 25.pdf,"=IF(OR(AE5="""",N(L5)=0),"""",ROUND((AE5/L5-1)*100,1))","Recibida 15/07, remodelando. Valor es estimación automática, no tasación bancaria. Primer dividendo jul 2026; tasa implícita. Sin valor libro en planilla."
P07,"Ñuñoa, Los Talaveras 120 depto 405 + estac. 79 + bodega 44",Ñuñoa,"3950-678, 3950-768, 3950-834",Departamento,99,,,,,,"=IF(I6="""","""",I6+N(J6)+N(K6))",,,,,,,,,,,,,,,,,,,8050,2026-08-05,BancoEstado,Tasacion Ñuñoa.pdf,"=IF(OR(AE6="""",N(L6)=0),"""",ROUND((AE6/L6-1)*100,1))",PDF: $328.000.000 (≈8.030 UF). Arrendatario sin informar. Valor libro $220.500.000 (cta 1201017).
P01,"Moneda 812, Of. 705",Santiago,00025-00291,Oficina,297,,,,,,"=IF(I7="""","""",I7+N(J7)+N(K7))",,,,,,,,,,Arrendada,,,,,,,,,7840,,Itaú (según planilla),TASACION Moneda.pdf,"=IF(OR(AE7="""",N(L7)=0),"""",ROUND((AE7/L7-1)*100,1))","REVISAR: el PDF (BancoEstado, 21-09-2025) da $257.000.000 ≈ 6.509 UF. Arrendatario Vision Optics Chile SpA. Valor libro $384.252.660 (cta 1201014)."
P10,"Huérfanos 1294, Of. 51",Santiago,00107-00223,Oficina,203,,,,,,"=IF(I8="""","""",I8+N(J8)+N(K8))",,,,,,,,,,En reparación,46.7,,,,,,,,7657,2026-07-17,Propiteq (estimación online),Tasacion Oficina Huerfanos.pdf,"=IF(OR(AE8="""",N(L8)=0),"""",ROUND((AE8/L8-1)*100,1))","Recibida junio, remodelando. Arriendo = estimación Propiteq. Valor libro $124.585.059 (cta 1201020)."
P04,"Work Center Miraflores, Av. Ventisquero 2225 Módulo 42 Nave D",Renca,02899-00296,Bodega,,,,,,,"=IF(I9="""","""",I9+N(J9)+N(K9))",,Banco de Chile,2025-11-27,5000,4.5,12,46.72,4786.3,2026-10-01,Arrendada,,,,,,,,,7545,2025-11-03,Banco de Chile (correo),Tasacion Work Center Miraflores.pdf,"=IF(OR(AE9="""",N(L9)=0),"""",ROUND((AE9/L9-1)*100,1))","Arrendatario Medio Mundo SpA. El PDF es un correo del banco, no el informe. Crédito op. 166.411. Valor libro $299.747.458 (cta 1201016)."
P06,"Europa 401, Av. del Parque 4680 + estac. 113, 114 + bodega 68",Huechuraba,"6061-38, 6061-109, 6061-110, 6061-73",Oficina,126,,,,,,"=IF(I10="""","""",I10+N(J10)+N(K10))",,BancoEstado,,3971.25,3.97,12,34.58,3120.7,2026-10-01,Arrendada,,,,,,,,,5367,2023-05-10,BancoEstado,Tasacion Oficial Edificio Europa 401.pdf,"=IF(OR(AE10="""",N(L10)=0),"""",ROUND((AE10/L10-1)*100,1))","Arrendatario Mendes Holler Ingeniería SpA. PDF: $193.000.000. Crédito op. 116424450, primer dividendo sep 2023. Valor libro $164.000.000 (cta 1201003)."
P02,"Patio Mayor, Av. del Parque 4980 Of. 331 + estac. 28, 29",Huechuraba,"6055-76, 6055-187, 6055-188, 6055-136",Oficina,111,,,,,,"=IF(I11="""","""",I11+N(J11)+N(K11))",,Itaú,,3552,4.58,12,32.1,3226.9,2026-10-01,Arrendada,32,,,,,,,,4440,2024-12-26,N. Latorre para Itaú,TMA242294 - TASACION OFICINA Patio Mayor (1).pdf,"=IF(OR(AE11="""",N(L11)=0),"""",ROUND((AE11/L11-1)*100,1))",Arrendatario Más a Más SpA. Arriendo según tasación ($1.228.000). Tasa implícita; primer dividendo may 2025. Valor libro $170.384.300 (cta 1201013).
P08,"Recoleta, Edificio Ilumina, Av. Valdivieso 411, deptos 25, 27, 85 y 105",Recoleta,"2371-26, 2371-82, 2371-104, 2371-106, 2371-28, 2371-68, 2371-108",Departamento,255.74,,,,,,"=IF(I12="""","""",I12+N(J12)+N(K12))",,,,,,,,,,Otro,57.85,,,,,,,,15268,2026-09-04,Roberto Nieto para Banco de Chile,"TASACION DEPTO 25, 27, 85, 105 (4 archivos)","=IF(OR(AE12="""",N(L12)=0),"""",ROUND((AE12/L12-1)*100,1))","EN COMPRA: 10% pagado ($40.129.495, cta 1203001), deuda banco aprox. $360 MM. Valor banco 15.268 UF; valor tasador 18.200 UF. Arriendo estimado en tasaciones. Nuevos sin uso, recepción final pendiente."
,,,,,,,,,,,"=IF(I13="""","""",I13+N(J13)+N(K13))",,,,,,,,,,,,,,,,,,,,,,,"=IF(OR(AE13="""",N(L13)=0),"""",ROUND((AE13/L13-1)*100,1))",
,,,,,,,,,,,"=IF(I14="""","""",I14+N(J14)+N(K14))",,,,,,,,,,,,,,,,,,,,,,,"=IF(OR(AE14="""",N(L14)=0),"""",ROUND((AE14/L14-1)*100,1))",
,,,,,,,,,,,"=IF(I15="""","""",I15+N(J15)+N(K15))",,,,,,,,,,,,,,,,,,,,,,,"=IF(OR(AE15="""",N(L15)=0),"""",ROUND((AE15/L15-1)*100,1))",
,,,,,,,,,,,"=IF(I16="""","""",I16+N(J16)+N(K16))",,,,,,,,,,,,,,,,,,,,,,,"=IF(OR(AE16="""",N(L16)=0),"""",ROUND((AE16/L16-1)*100,1))",
,,,,,,,,,,,"=IF(I17="""","""",I17+N(J17)+N(K17))",,,,,,,,,,,,,,,,,,,,,,,"=IF(OR(AE17="""",N(L17)=0),"""",ROUND((AE17/L17-1)*100,1))",
,,,,,,,,,,,"=IF(I18="""","""",I18+N(J18)+N(K18))",,,,,,,,,,,,,,,,,,,,,,,"=IF(OR(AE18="""",N(L18)=0),"""",ROUND((AE18/L18-1)*100,1))",
,,,,,,,,,,,"=IF(I19="""","""",I19+N(J19)+N(K19))",,,,,,,,,,,,,,,,,,,,,,,"=IF(OR(AE19="""",N(L19)=0),"""",ROUND((AE19/L19-1)*100,1))",
,,,,,,,,,,,"=IF(I20="""","""",I20+N(J20)+N(K20))",,,,,,,,,,,,,,,,,,,,,,,"=IF(OR(AE20="""",N(L20)=0),"""",ROUND((AE20/L20-1)*100,1))",
,,,,,,,,,,,"=IF(I21="""","""",I21+N(J21)+N(K21))",,,,,,,,,,,,,,,,,,,,,,,"=IF(OR(AE21="""",N(L21)=0),"""",ROUND((AE21/L21-1)*100,1))",
,,,,,,,,,,,"=IF(I22="""","""",I22+N(J22)+N(K22))",,,,,,,,,,,,,,,,,,,,,,,"=IF(OR(AE22="""",N(L22)=0),"""",ROUND((AE22/L22-1)*100,1))",
